Calories,Protein,Fat,Carbohydrates
1684,117.08,77.44,106.01
1559,137.63,42.47,370.48
2653,73.24,59.95,271.78
2216,62.87,81.09,139.47
1835,85.03,34.04,307.42
1763,75.27,35.78,181.57
2731,57.28,83.5,307.52
2383,114.45,58.46,124.13
2033,75.12,91.93,392.52
2747,95.02,62.49,119.96
1277,78.83,78.11,360.31
2778,142.12,81.15,194.77
2828,95.02,65.17,187.93
1599,137.99,91.17,218.49
2094,54.4,72.63,331.77
2496,103.58,41.48,159.93
1600,95.27,62.31,234.12
2420,82.61,33.62,246.64
1314,80.02,99.58,372.26
1705,76.68,34.0,266.45
2510,69.95,49.3,291.6
1551,99.26,77.19,368.22
1087,84.51,47.91,200.01
1174,83.06,88.18,121.67
2624,56.62,49.94,336.55
1849,51.39,71.0,327.62
2701,141.17,86.87,197.29
1537,91.38,87.0,384.39
1845,117.7,92.6,350.11
1072,95.24,97.97,100.84
1777,70.06,81.53,131.7
2940,142.95,71.26,239.36
1115,62.27,86.27,373.09
1976,98.14,46.36,152.88
1755,59.17,57.44,300.69
2733,72.93,93.73,360.4
2871,118.54,99.27,378.96
2455,102.64,97.67,296.82
1448,105.01,55.81,205.85
1850,133.22,42.24,209.15
1099,56.08,50.01,328.67
2201,140.48,33.61,361.25
1755,115.12,30.55,388.56
1797,114.09,32.49,327.77
1659,53.02,77.01,267.64
2171,141.01,40.14,373.92
1910,52.8,63.37,382.84
1423,68.54,59.47,240.28
2312,139.59,94.2,384.51
2985,62.67,95.64,280.97
2289,89.8,87.84,222.71
1697,126.0,84.73,364.85
1639,106.29,88.63,225.91
1544,123.05,95.11,208.11
1543,69.28,69.63,345.61
1714,91.21,61.33,392.52
1244,99.84,88.55,298.88
1151,74.36,60.37,197.12
1675,149.79,49.99,350.7
1510,117.11,64.46,374.17
2483,138.38,55.29,144.72
1882,89.3,70.55,192.83
2207,142.48,65.08,285.13
1028,75.16,67.35,199.78
1802,65.79,32.91,285.42
1128,128.69,46.67,348.17
1128,147.3,53.16,141.55
2956,56.2,37.15,287.26
2077,60.0,71.89,299.01
2925,81.79,41.84,362.14
2574,102.6,40.15,313.87
2512,120.43,64.12,336.7
1756,145.56,60.59,149.66
1273,61.78,74.6,139.74
1335,85.63,97.9,371.35
1388,76.63,32.83,149.65
2641,130.74,64.43,211.11
2066,66.36,87.05,337.05
2466,137.68,54.36,118.13
1543,127.37,58.57,256.01
1888,138.38,37.87,263.77
1257,146.92,66.97,101.22
2345,107.34,33.56,217.94
2961,95.84,51.15,372.15
1057,98.5,76.72,227.87
1291,139.55,82.49,374.04
2894,70.87,48.75,194.72
2143,87.54,67.81,251.6
1779,114.11,66.65,352.91
1430,121.6,81.18,394.44
2106,55.64,57.27,327.76
1091,147.82,52.88,203.09
2920,83.15,38.37,194.18
1398,70.61,60.86,117.12
1611,80.72,52.43,160.88
2589,148.48,43.72,327.92
1908,116.86,41.41,224.45
1633,74.53,53.09,146.96
2962,70.11,85.41,189.28
1084,57.49,84.92,276.64
1203,86.32,98.5,386.98
1324,132.38,59.38,387.83
1774,77.54,92.1,134.21
1964,86.85,95.36,170.88
2071,126.14,55.36,279.67
1639,119.59,64.19,373.62
2155,91.24,53.77,394.45
1972,66.43,37.52,318.14
1868,139.38,58.15,223.49
2204,107.51,97.44,361.84
2870,75.68,87.56,225.8
2167,73.68,83.33,300.05
2684,94.84,37.06,246.89
2251,90.31,30.76,333.84
1954,56.89,39.8,320.68
1791,144.31,57.22,217.21
1719,128.7,94.48,130.24
1909,99.65,39.34,385.53
1373,82.69,70.07,375.58
2877,68.15,67.51,154.56
1560,66.63,41.26,160.99
2329,74.05,85.49,336.31
2605,72.05,32.44,336.03
1169,120.97,35.51,389.65
2699,126.96,89.21,399.28
2472,86.35,54.23,249.51
2119,65.94,98.89,388.11
2221,114.47,46.55,344.79
2630,83.28,93.03,326.91
1256,143.22,70.17,209.79
2905,128.87,57.54,355.12
2714,148.78,83.86,375.73
2316,138.74,88.79,320.2
2954,50.53,51.88,293.95
1816,56.03,63.38,292.12
2885,139.82,77.3,146.7
1387,61.89,78.87,165.97
2634,109.56,51.02,168.68
2578,85.48,36.49,148.8
1973,53.38,57.38,243.4
1368,58.29,54.13,120.08
1917,126.58,36.27,186.23
1201,134.24,57.52,342.23
1383,86.32,69.98,377.45
2536,74.68,99.74,359.63
2930,99.36,82.99,195.15
1370,65.23,53.14,258.79
1555,111.69,59.1,380.1
1954,123.95,38.27,270.0
2407,120.4,86.33,176.57
1023,143.21,69.61,305.38
2723,110.17,63.12,289.92
1130,109.52,61.83,124.5
1377,123.7,46.28,331.05
1098,122.58,49.17,127.06
2598,77.92,52.65,288.57
1931,129.73,30.12,307.15
1734,140.44,67.9,277.96
1123,127.94,99.29,211.98
2987,134.94,52.98,281.72
1594,134.87,63.44,265.78
2966,74.76,91.59,278.56
1739,132.71,67.42,342.93
2172,121.9,71.67,347.79
1209,82.34,55.07,327.02
1562,117.47,63.28,244.69
2435,117.32,66.31,206.53
1782,130.24,83.37,363.48
2065,50.01,91.11,363.03
2082,114.72,76.45,344.09
1705,117.29,61.49,365.31
2060,107.74,89.14,218.58
1778,127.74,45.61,260.34
1086,64.35,54.59,270.97
2067,80.13,50.18,315.38
1872,125.59,59.89,334.65
1011,84.29,82.11,268.66
1770,110.36,41.74,370.82
1307,112.14,91.94,167.39
2104,79.86,69.16,222.6
1032,96.09,59.56,117.19
2206,118.48,39.19,394.57
2152,127.37,72.96,340.4
1806,114.72,52.23,137.06
1275,88.57,81.15,200.18
2198,53.16,98.34,260.3
2578,140.1,43.04,188.98
2395,50.94,32.58,135.37
2208,60.24,44.18,279.62
1444,128.33,69.53,167.09
1488,56.09,39.17,289.87
2613,138.58,55.97,307.26
1286,139.81,43.63,344.23
2304,55.6,80.99,233.97
1637,145.1,30.23,309.49
1770,101.45,32.81,110.55
2539,50.07,81.22,289.28
1094,102.34,97.8,230.37
2250,88.06,71.34,342.72
2899,148.54,35.19,396.37
2293,76.06,85.82,187.73
2904,94.65,31.88,368.33
1296,59.47,44.0,131.8
2352,137.66,63.19,235.71
2043,53.75,71.9,308.58
1607,127.12,58.16,358.93
2864,77.83,74.68,166.36
2434,63.91,66.56,247.79
1450,120.14,93.51,392.77
2272,112.45,99.96,321.18
1180,53.56,81.11,218.2
1323,88.82,36.1,249.26
2004,105.57,53.09,375.9
2853,85.64,66.52,246.04
2806,113.17,48.36,117.43
2888,96.26,91.16,161.41
2284,114.63,43.75,101.13
2987,110.95,44.31,244.07
1749,70.1,93.35,392.02
1139,83.78,76.85,340.74
2020,80.33,73.17,112.39
1598,148.04,79.47,379.26
2485,74.39,45.08,133.39
1889,73.03,71.05,106.9
2645,55.75,78.26,163.48
1843,144.84,47.94,250.05
1696,97.6,88.82,123.33
2552,148.9,68.81,334.41
2176,124.97,65.17,105.24
1925,53.42,90.3,165.45
1149,129.55,43.11,279.52
2134,140.87,31.35,223.17
1025,123.57,83.94,238.12
2488,76.59,45.5,301.0
1956,64.54,37.94,207.89
2913,69.41,47.73,172.2
1886,149.29,41.02,375.47
2141,100.0,48.55,203.56
2469,149.65,36.23,243.41
2619,115.86,63.69,345.99
1673,143.04,78.59,289.84
2896,114.34,93.45,286.13
1928,74.66,82.18,291.65
2252,81.5,37.61,343.11
2531,140.3,67.46,257.76
1763,142.21,35.55,122.76
1121,113.78,70.09,299.65
2350,59.79,66.98,149.5
1469,76.09,30.46,348.61
1287,67.79,82.77,146.96
1525,112.01,74.9,386.93
2863,65.44,61.76,313.11
2720,94.08,94.33,179.02
2176,105.24,61.68,162.24
1591,72.79,62.28,363.48
1041,72.72,41.39,169.18
1274,76.69,76.54,223.56
2576,139.71,41.8,238.1
2462,106.46,51.67,137.31
1207,62.58,78.94,320.64
1779,70.5,51.42,132.3
1166,143.68,72.2,356.3
1111,87.31,98.37,259.53
2373,85.04,33.02,285.01
2153,97.0,57.59,348.66
1735,89.42,92.98,200.88
2910,83.83,71.29,389.54
1812,86.65,95.92,283.54
1216,136.65,96.53,137.27
2405,119.47,87.92,186.33
1024,51.78,54.35,248.88
1067,145.81,31.87,305.42
1978,132.36,96.77,160.65
2007,142.11,44.29,228.09
2795,74.07,46.98,132.3
1234,118.85,76.61,154.16
2740,147.68,79.15,327.44
1291,62.71,97.13,282.81
2750,124.67,71.67,235.67
2022,74.25,60.82,102.14
1701,101.0,38.71,119.84
2733,75.25,90.02,329.07
1727,114.9,33.1,128.15
1555,118.76,89.66,331.31
1032,54.26,53.54,317.25
2035,104.92,93.56,254.12
2640,114.32,89.54,207.66
1212,107.04,78.92,370.07
2162,77.37,31.49,152.97
2718,72.08,78.42,356.51
2445,65.36,69.33,329.04
2661,125.99,47.65,300.32
2692,129.27,70.38,382.71
1623,105.03,89.47,398.84
2512,103.23,44.75,336.77
1770,86.11,53.78,168.63
2563,57.59,36.18,305.49
2241,148.4,84.49,220.12
1663,136.98,36.95,136.71
1821,70.55,93.84,354.64
1307,92.49,65.76,200.42
2198,115.25,49.13,389.34
2172,105.26,34.9,343.33
1949,75.12,87.25,340.02
2565,82.41,57.46,348.08
2603,128.82,91.94,222.44
1547,66.25,80.44,124.66
1807,58.16,35.89,398.51
2417,101.32,84.05,389.25
1073,72.13,87.58,240.31
1297,73.23,37.01,348.55
1919,102.59,76.92,243.21
2923,99.85,45.47,377.84
2838,142.8,53.47,220.02
1730,100.34,39.83,363.6
2970,69.64,33.07,103.88
1876,52.71,90.03,202.39
2795,58.42,95.3,284.94
2823,91.99,80.52,356.45
1777,101.71,41.51,126.61
2418,114.65,30.06,122.4
2563,97.12,55.44,336.36
1429,115.82,68.17,269.83
1199,50.07,59.19,139.58
2447,51.48,76.73,243.21
2085,130.27,49.49,161.39
1341,111.37,50.3,325.42
1865,125.57,30.42,344.68
2068,87.84,74.91,232.19
1802,110.09,89.22,390.36
2954,96.92,94.14,290.62
2112,122.53,71.1,177.9
1033,59.77,43.42,119.78
1645,61.75,58.72,309.19
1232,131.32,55.04,277.0
1767,60.54,34.01,202.95
1036,146.45,30.99,321.55
2792,121.26,51.74,111.62
2483,102.4,79.65,355.69
1290,138.61,75.57,157.2
1197,136.33,83.57,109.94
1894,127.54,91.27,367.58
2973,129.73,96.42,285.38
2278,128.15,85.87,137.33
2104,106.97,32.84,288.28
2470,122.69,97.8,366.71
1136,95.71,52.03,275.52
1189,130.22,91.87,325.32
1129,124.35,39.41,368.7
1209,136.63,75.9,374.83
2392,142.75,52.49,142.75
1291,51.36,85.59,326.41
2400,98.04,39.0,357.47
2371,141.72,65.56,394.93
1168,66.99,98.74,359.19
2908,53.92,80.79,304.87
1804,93.01,38.9,182.38
1176,93.13,76.08,193.43
2561,103.12,77.0,337.05
1323,97.06,87.8,224.31
2895,119.8,50.77,354.94
1508,104.18,40.28,241.27
1803,104.23,89.27,299.71
2138,116.72,55.54,386.68
2822,102.24,60.75,163.69
2053,56.21,97.19,186.55
2777,131.13,62.09,234.97
2313,78.65,35.71,335.82
1146,140.17,76.27,346.02
2297,114.22,80.17,345.58
1221,126.39,62.71,198.34
1340,81.25,79.21,126.57
1509,65.61,57.73,144.62
1514,115.15,93.05,146.63
1069,83.71,83.94,301.33
2381,93.02,49.55,267.49
1908,134.93,63.05,154.3
1556,52.23,80.55,235.25
1885,129.43,67.39,252.53
1765,142.43,66.4,333.38
2346,100.63,88.98,274.77
2647,64.42,75.69,213.15
1091,89.62,95.83,384.82
2365,64.9,49.01,250.77
1423,62.27,36.98,358.47
2575,146.39,43.02,232.5
2995,80.34,43.29,104.49
2686,76.67,68.79,280.64
2438,127.11,65.83,340.73
2681,102.83,71.58,185.15
1710,137.3,44.07,311.9
1967,149.99,46.75,239.04
1274,58.03,33.99,206.21
1860,64.31,31.77,118.04
1043,144.31,54.88,206.7
2107,71.13,82.24,342.63
1433,54.49,79.01,338.74
1809,136.04,76.57,352.69
1093,57.36,31.5,339.67
2198,146.18,96.4,330.01
2429,126.03,53.83,350.08
1201,90.44,60.39,345.89
2881,56.51,86.09,166.29
1498,121.16,36.41,312.18
1480,106.98,42.38,398.93
1329,65.14,52.79,143.53
2564,112.73,89.04,320.63
1209,115.73,78.0,376.65
1617,144.54,55.09,295.52
2978,95.78,95.34,202.6
2920,101.25,84.86,301.63
2599,140.85,30.73,378.33
2040,74.64,61.52,380.6
1106,76.33,59.75,359.89
1164,143.01,46.49,266.96
1606,87.34,49.72,271.55
2560,127.16,77.8,387.84
1628,83.98,46.83,298.7
2215,71.81,81.82,106.07
2219,80.88,62.86,183.11
2331,100.7,35.58,217.15
1136,72.18,58.46,246.04
1952,123.0,85.41,191.1
1859,57.49,39.05,164.33
2117,105.33,65.19,313.18
2915,107.67,43.04,150.75
1750,81.57,94.85,127.33
2111,54.45,68.4,223.01
1160,101.23,41.57,343.16
1147,56.38,69.13,328.08
1584,134.81,97.1,170.92
1455,144.94,88.08,180.07
2111,76.5,53.81,396.14
2037,60.14,82.05,122.29
2338,78.67,78.05,123.59
2617,69.66,82.38,127.2
2144,50.89,63.84,197.13
2908,139.13,94.33,329.15
1951,128.9,56.08,367.21
1832,80.29,97.38,379.72
1715,114.48,38.57,175.72
1732,147.04,95.27,238.05
1932,128.56,83.36,128.05
1281,124.9,96.86,266.87
1800,110.76,68.75,101.96
2450,86.99,95.57,237.89
2806,108.46,41.87,394.12
1470,65.73,32.09,142.13
2308,53.78,79.05,163.23
2300,89.28,90.44,183.29
2348,65.41,92.78,360.04
2558,65.27,34.3,367.0
2251,97.98,54.73,383.58
1890,67.69,61.1,174.52
1595,69.99,94.84,236.05
1647,107.51,50.51,214.6
2992,95.71,78.19,278.76
1573,121.81,45.39,188.79
1653,96.31,72.89,348.7
2541,80.73,37.92,371.84
1256,113.59,82.82,369.99
2160,98.26,33.12,178.95
2231,147.76,99.88,245.35
1463,74.78,86.1,261.36
2973,117.51,72.89,390.98
2163,148.74,83.8,231.38
2028,142.6,30.21,120.95
1423,75.26,59.99,293.02
1348,121.95,71.55,152.34
1941,88.65,98.33,209.56
2306,125.95,55.61,255.42
1586,62.57,97.93,388.83
2844,147.31,66.09,147.9
2006,64.95,34.86,355.56
2457,119.95,73.16,105.64
2243,84.55,87.55,114.37
1819,68.69,92.1,243.84
1739,89.09,67.02,271.71
1873,147.14,61.14,156.7
1786,61.48,74.67,155.51
2397,53.31,34.37,315.92
2314,129.61,95.92,192.53
2587,132.0,46.79,313.08
2694,98.58,73.92,255.25
1437,146.09,72.25,210.08
2850,112.77,80.52,113.73
2963,109.1,89.75,391.75
2847,133.29,47.69,214.0
2532,50.11,44.48,336.89
2020,69.67,82.24,201.01
1786,78.71,43.05,369.34
1941,94.67,96.92,121.64
1855,62.38,43.81,184.41
1449,135.97,66.85,257.86
2350,121.56,75.94,283.89
2514,127.1,41.95,293.04
2077,59.11,57.02,217.57
1816,100.15,84.54,288.3
2118,61.97,51.01,359.87
1059,77.4,54.09,351.42
1336,142.05,44.29,175.69
2690,127.26,83.1,112.48
2660,127.21,46.76,171.89
1163,125.31,48.96,345.85
2594,90.46,64.36,297.68
1945,58.7,43.43,137.35
2130,143.09,46.07,149.28
1201,119.44,94.84,179.54
2324,127.82,86.15,356.29
2805,129.16,48.8,219.39
1889,132.33,78.94,201.9
2862,88.23,55.5,167.7
1550,143.48,59.75,302.18
2703,96.96,79.41,390.41
2672,71.6,86.38,123.8
2037,101.46,48.45,250.82
1903,114.4,42.16,370.76
2744,81.94,60.79,180.27
2016,60.68,47.61,201.71
1534,95.69,86.27,248.04
1504,98.78,41.82,142.04
2871,127.14,52.87,341.14
2800,57.24,43.52,175.54
2763,117.04,32.32,117.65
2798,64.8,70.88,299.43
2233,118.11,84.6,263.59
2479,84.2,87.24,378.89
1468,134.51,78.19,334.79
2497,95.64,83.4,110.81
2986,73.37,61.05,258.94
2596,126.25,38.0,360.35
1400,147.87,49.04,105.5
2080,113.36,69.25,212.04
1882,63.44,95.09,349.93
2773,70.44,77.6,174.8
1663,87.97,42.94,103.65
1280,99.66,62.52,202.17
2028,52.01,88.62,110.38
1612,98.17,36.77,374.71
2004,97.49,35.54,355.83
1305,93.59,95.62,226.58
1343,80.87,91.14,222.35
2566,145.69,60.01,393.83
2590,116.6,80.68,246.78
1153,128.76,84.9,231.01
2812,101.56,53.13,220.14
2377,86.61,60.54,195.31
1357,87.12,90.25,202.97
1697,77.34,30.94,233.32
1407,104.7,53.68,377.06
2435,135.41,97.95,363.35
2053,53.92,62.08,328.83
1929,125.13,58.38,335.14
2395,128.38,32.28,227.18
2845,89.47,81.02,274.85
1631,124.38,95.88,369.08
1947,88.93,78.84,199.26
1854,81.54,76.02,219.23
1502,73.55,95.24,179.52
1007,130.38,40.78,113.48
1617,52.91,37.28,104.87
2009,73.91,77.99,181.73
1137,80.14,35.16,382.35
1694,110.76,93.62,197.27
2920,92.58,77.94,366.57
1851,116.31,84.29,135.44
2400,64.31,92.86,302.4
1932,84.35,35.79,198.57
2745,102.93,53.59,367.75
2172,112.26,68.79,309.32
2909,76.96,89.77,202.64
2008,76.12,68.92,246.26
2283,54.64,70.19,170.39
1126,132.27,70.11,109.03
2834,52.79,76.6,119.42
1577,86.06,80.69,343.53
2556,67.99,78.02,321.87
1804,100.18,39.67,299.79
2348,148.06,99.34,373.94
1976,92.1,89.64,175.72
1112,108.56,63.08,105.42
2967,109.12,75.04,374.41
1650,55.7,48.71,395.97
1237,122.11,88.09,150.14
2384,127.64,72.07,298.56
1990,123.38,48.38,130.38
2883,64.67,88.86,116.59
2579,95.39,36.89,208.8
1063,89.72,47.86,130.18
2951,88.58,53.62,133.36
2940,56.83,38.69,248.19
1454,129.03,62.5,258.96
2289,50.49,83.6,218.12
2468,66.33,58.5,299.52
1603,119.68,78.64,396.01
1623,72.74,43.58,352.55
2443,134.7,87.89,329.25
1339,110.16,41.93,224.89
2868,125.33,79.09,198.95
2298,72.58,49.71,271.39
2393,125.14,87.2,192.47
2866,133.61,97.52,150.98
1226,104.2,84.39,360.47
2249,52.74,33.78,136.21
2963,83.0,32.76,395.3
2667,109.11,31.47,177.82
1908,143.81,95.46,321.18
2252,71.75,42.52,118.33
2850,54.37,89.8,340.94
2921,109.6,81.34,254.73
1369,104.1,77.32,390.26
2152,90.65,33.29,247.7
1807,145.36,69.89,333.3
2048,58.43,98.13,169.75
1698,145.11,75.25,204.47
1292,53.5,50.24,336.59
1355,103.89,83.73,361.83
1837,144.56,63.97,131.92
1134,96.18,38.19,307.36
1003,61.02,91.33,394.13
2250,146.87,86.32,384.06
1889,95.16,31.87,209.3
1680,131.56,32.85,189.64
1444,118.16,43.21,140.35
2441,90.58,90.41,396.23
2308,148.24,43.62,330.65
1836,115.71,94.52,287.74
1026,125.75,65.76,256.3
1736,52.17,50.11,341.92
1248,110.92,38.75,295.5
1365,144.52,70.6,246.29
2971,74.2,92.76,232.5
2225,75.03,73.43,213.57
2461,135.02,60.4,390.96
1197,144.53,73.75,374.44
1929,87.13,81.43,200.16
2671,117.58,46.74,119.46
1637,141.56,48.9,146.66
1606,59.51,92.46,278.86
1072,98.49,84.65,317.24
1246,128.08,80.85,358.95
1852,114.85,76.94,372.91
2159,62.65,66.35,380.45
2731,136.0,55.37,393.32
1213,111.81,57.43,333.69
2499,145.07,35.55,319.96
2644,110.18,92.03,202.13
2347,131.46,31.47,378.67
1102,148.74,89.13,141.23
2876,128.75,61.89,263.46
1327,99.14,42.9,235.62
1595,108.85,73.61,367.08
2247,107.32,65.92,292.73
1256,54.95,74.85,215.53
2669,88.53,55.6,128.15
2371,92.23,85.9,186.61
2131,62.96,59.98,252.42
1926,54.13,57.19,218.56
2993,50.47,73.85,384.72
2543,85.68,88.53,279.19
2173,74.25,36.14,312.1
2500,105.54,60.62,278.69
2416,142.39,63.11,221.53
2707,53.9,67.24,118.4
2582,93.53,52.82,109.3
1000,116.76,42.85,296.12
2384,58.42,45.99,308.45
1691,111.2,47.27,153.97
2574,86.91,58.99,290.07
2113,126.53,68.77,103.24
2098,74.76,53.23,233.37
1499,62.35,87.8,183.73
1738,60.7,63.31,364.85
1635,99.48,51.41,192.44
1343,106.21,54.19,217.24
2120,71.88,99.25,148.0
1851,105.08,76.31,139.2
1282,121.79,58.68,202.53
1718,74.98,92.78,324.93
1032,51.02,83.52,120.39
2139,133.11,90.52,117.85
1454,134.37,41.28,343.32
2889,87.77,86.17,257.26
1428,143.82,63.61,357.93
1827,132.68,34.77,284.04
2849,81.74,36.44,123.53
1690,109.82,70.14,152.15
1173,90.41,57.21,232.62
2769,61.69,34.96,156.54
2156,91.25,60.55,359.7
2465,134.37,85.45,394.21
1093,102.31,45.05,285.68
2371,110.84,80.58,294.64
2425,85.99,59.84,366.74
1419,67.58,53.01,303.35
2730,107.0,59.24,215.64
1404,105.18,74.51,171.95
1941,145.61,56.8,222.8
2209,50.94,67.34,390.04
1975,139.82,35.24,124.08
1375,142.58,76.48,130.88
2700,74.06,40.12,298.73
2897,54.57,41.82,281.2
1702,134.89,78.76,321.19
2540,66.9,99.37,370.27
1497,89.69,93.25,254.37
2522,95.32,62.02,205.09
2229,82.5,51.2,256.11
2438,92.65,61.15,152.31
2389,81.12,69.18,370.11
2879,102.52,48.48,304.69
1738,54.0,80.52,361.2
1419,109.1,31.69,190.72
1585,65.29,95.98,368.13
2242,147.64,80.82,145.57
2975,114.56,91.11,211.06
2562,50.79,53.7,121.47
2398,53.91,95.24,283.33
2046,76.97,99.31,172.71
1460,126.39,42.56,170.28
1719,59.23,70.21,398.05
2378,116.21,90.67,171.99
2626,105.16,33.41,253.75
2075,93.65,84.31,284.96
1998,67.73,32.45,390.63
2838,53.27,75.83,383.14
2744,101.24,36.7,223.37
2597,101.46,37.03,133.56
2468,51.49,50.13,158.22
1815,114.26,56.16,103.07
1104,86.14,65.43,100.28
1640,98.13,34.73,333.12
2418,95.91,57.42,207.05
2995,119.76,97.02,294.53
2933,100.62,63.45,268.98
1327,87.01,98.28,363.77
1606,69.65,96.21,272.6
2542,52.99,49.09,133.04
2709,72.62,87.01,363.83
2269,112.18,54.26,316.83
2438,75.81,75.19,192.27
2551,117.87,52.81,326.61
1169,143.76,43.77,217.95
1166,75.66,70.53,358.31
2333,127.38,89.55,248.68
1939,115.62,96.99,281.73
1594,89.96,48.38,122.11
2415,120.63,77.57,350.08
2244,77.97,87.78,247.5
1833,79.94,44.82,141.48
2705,90.05,65.84,114.97
1834,92.37,93.39,208.6
2138,105.23,90.54,390.08
1860,88.34,30.79,351.57
1334,135.55,73.69,283.72
1741,113.29,74.48,244.76
2243,141.39,99.38,388.53
2270,86.63,78.2,386.85
1100,148.47,67.78,253.83
1415,121.13,42.75,145.98
1221,126.82,48.48,259.97
2202,107.81,87.39,213.31
2532,137.92,34.87,319.87
1174,59.79,30.99,224.33
1605,127.98,72.8,106.5
2650,115.21,77.33,344.31
2697,134.1,87.8,337.09
1780,137.92,67.12,291.42
2760,96.49,88.97,345.76
2769,146.24,87.76,112.58
1848,131.4,57.27,326.83
2090,136.91,36.36,236.46
2480,51.29,83.41,140.61
2011,144.75,97.56,128.37
1125,75.46,91.49,306.74
2162,113.02,74.33,294.55
1624,95.66,36.73,129.16
1730,111.18,71.45,262.94
2179,108.1,31.1,378.92
1696,127.13,71.44,338.74
2144,105.15,88.36,388.82
1321,105.99,81.9,340.29
1448,109.18,73.1,296.53
1709,71.84,38.44,373.53
2880,118.35,42.1,301.71
2314,148.31,89.16,250.07
2999,142.61,71.4,127.65
1003,73.5,66.53,224.51
1700,147.76,44.57,156.18
2262,133.01,59.71,361.81
2701,146.67,70.66,228.49
2195,147.47,73.97,244.13
2747,96.57,79.24,329.13
1856,112.67,82.38,356.83
2606,76.63,73.46,216.35
2684,70.86,40.89,217.6
1902,94.84,67.96,142.14
2820,75.06,35.24,237.29
1627,135.26,71.36,181.15
1902,55.85,98.56,149.78
1834,78.92,48.71,250.04
1604,67.77,57.43,218.82
2638,59.86,49.08,308.68
1869,100.98,69.12,290.34
2403,135.48,33.07,186.17
2733,93.57,99.58,366.89
2133,76.53,85.77,277.38
2353,138.22,73.22,183.3
1100,142.11,86.88,129.65
1694,100.58,45.5,332.01
1845,115.81,90.09,233.98
2941,56.15,98.85,378.76
2531,84.14,74.49,397.35
1671,88.96,69.39,326.65
2617,100.55,61.6,109.2
2059,134.86,74.99,323.31
1237,130.96,75.94,319.45
2267,50.98,68.87,242.13
1250,65.54,83.35,266.25
1392,87.72,54.79,325.38
1766,101.2,86.78,182.19
2305,110.7,74.47,212.97
1021,64.44,54.19,389.55
1429,119.63,42.55,103.12
2253,139.08,63.72,273.13
1400,72.37,61.78,258.18
2177,103.99,50.62,385.88
2006,148.98,71.4,345.85
2143,114.41,30.38,299.51
2701,59.33,52.85,241.45
2919,127.34,75.43,354.23
2409,100.79,31.81,175.81
2413,61.2,70.36,321.83
2734,101.52,56.35,141.87
1396,125.52,83.04,384.35
2370,61.71,44.87,286.82
1586,85.63,87.51,158.54
2019,58.24,44.48,294.55
1950,65.15,72.45,306.74
2102,55.25,43.86,246.36
1830,72.61,68.3,208.78
2608,95.42,63.16,313.14
1199,129.14,45.67,151.0
2837,118.63,70.86,208.59
2157,108.75,45.46,187.01
2583,148.66,65.62,142.28
1699,96.37,89.98,300.65
2194,141.51,90.48,299.86
1451,83.66,75.31,367.18
1138,92.65,62.57,213.68
1754,89.73,76.86,125.98
2337,109.68,86.72,217.42
2499,143.21,85.4,236.15
2369,126.78,68.39,139.68
1387,133.39,51.52,375.91
2149,129.21,76.05,105.45
1718,145.19,31.33,206.87
2874,61.42,97.81,207.47
2221,131.44,53.08,393.78
2722,117.23,59.23,170.17
2924,53.27,68.35,274.56
2041,89.88,80.22,376.31
1709,81.85,41.33,183.47
1447,60.32,56.31,257.94
1350,80.99,52.32,330.66
1664,61.24,33.92,157.07
2667,50.39,61.77,393.15
1325,138.76,36.16,120.87
1424,65.68,91.75,248.74
1164,98.78,67.08,285.5
2594,55.54,87.25,158.95
2201,131.19,71.69,294.4
2463,125.61,95.5,167.84
1664,131.98,35.72,159.85
1673,121.48,81.24,238.92
2938,135.04,77.79,371.2
2889,79.73,85.66,348.11
1462,77.26,70.1,241.48
1753,54.22,51.1,378.04
2159,147.15,51.87,234.09
2973,80.6,92.13,314.33
1747,72.74,54.81,245.91
1046,56.83,86.99,263.3
2520,92.98,83.61,346.51
2012,130.86,65.71,313.01
1639,81.96,93.85,225.26
1929,128.04,51.05,345.49
1337,127.39,30.46,326.13
2181,143.65,83.04,341.55
2548,75.68,83.53,187.14
2654,108.5,43.71,335.8
2838,142.94,87.1,226.11
1886,73.48,90.13,248.75
1288,63.48,76.0,189.24
2826,88.04,66.37,177.86
1115,141.04,73.99,113.03
2623,124.95,74.58,235.78
1636,53.75,89.43,116.04
1409,127.33,46.05,322.16
2198,95.18,94.19,292.98
1498,116.63,96.49,190.15
2899,121.05,45.4,122.26
2588,105.3,37.37,164.93
1622,119.67,77.15,112.94
2600,113.53,37.91,371.56
2356,118.13,47.43,224.36
2910,60.39,41.49,278.99
1585,125.74,90.08,198.68
1146,99.1,93.62,257.47
1772,68.88,51.93,264.4
2799,81.15,53.22,315.98
1643,112.05,62.5,245.56
2072,146.39,39.52,188.96
2100,68.81,84.67,198.24
1293,139.53,67.32,378.09
1116,114.68,50.77,333.21
2517,99.75,63.73,198.71
2584,87.02,71.5,300.61
1109,65.39,54.09,330.79
1179,62.06,48.77,155.17
1561,63.09,40.22,310.69
2095,72.81,77.7,275.48
2882,135.26,60.95,258.38
2457,74.51,36.15,223.93
2309,85.65,72.57,397.73
1515,143.2,38.16,341.53
1074,98.03,39.34,131.15
2620,109.21,75.28,199.24
1490,132.87,90.23,259.69
2345,64.29,80.86,336.45
2911,103.37,99.05,312.8
2556,59.88,47.15,199.25
2232,104.28,87.83,364.75
2066,109.44,71.78,262.07
2522,104.61,82.78,356.76
1028,86.43,63.6,366.9
2434,134.84,38.73,287.17
1855,80.96,86.72,143.54
2204,126.39,54.31,282.26
1304,94.85,41.37,105.39
2986,130.54,67.33,290.76
2638,129.15,66.97,160.09
1777,132.09,48.27,357.98
2282,119.09,82.49,125.92
2396,125.8,55.08,187.83
1876,127.97,67.16,100.85
2769,125.13,68.19,373.96
1857,89.21,96.13,361.22
2404,69.74,98.57,170.3
1885,147.01,78.27,136.05
1612,75.63,30.06,260.25
1090,148.04,86.04,256.66
2092,60.22,92.17,239.53
1617,132.7,98.76,252.38
2546,71.15,31.37,280.93
1012,133.09,90.17,384.95
2640,56.92,90.66,372.59
1225,136.67,43.49,310.87
1421,91.84,88.69,370.61
1167,142.48,33.27,294.8
1928,114.23,34.85,320.72
2402,101.64,71.52,284.32
2313,106.72,97.56,212.44
1922,103.65,62.94,229.0
1099,63.68,56.44,271.03
2241,117.16,64.82,173.38
1306,67.87,99.17,123.1
1344,133.82,76.47,308.96
2234,56.29,68.47,246.36
2812,145.44,85.45,171.58
1734,64.9,63.19,231.8
2692,65.55,65.05,109.68
2608,57.01,84.2,242.83
2298,64.98,63.4,290.61
2433,107.4,39.04,294.7
1920,85.69,32.34,163.3
2575,143.38,75.02,211.05
2258,86.63,37.41,245.08
2659,142.61,92.17,386.99
1284,55.86,65.24,211.26
2688,71.99,31.09,236.7
2682,134.27,48.98,398.86
2731,66.37,70.82,126.99
1172,76.03,53.07,101.02
2747,87.12,56.65,162.37
1301,108.42,92.54,125.61
1822,89.23,75.43,367.7
1000,76.82,47.36,250.05
1138,98.69,91.16,338.23
1707,103.19,88.85,374.81
2926,146.24,74.76,386.53
2755,117.6,47.08,193.71
2891,69.22,86.79,173.69
1441,126.13,59.81,279.09
2990,148.11,49.6,267.45
1915,65.07,45.11,369.87
2186,66.23,47.66,233.25
1050,61.47,61.98,397.37
1242,79.08,73.17,324.13
1870,119.6,93.18,360.75
1020,83.28,87.95,279.04
1683,59.55,44.32,320.85
1630,112.99,92.54,361.02
1128,127.51,54.13,337.34
2508,90.5,66.27,264.01
1365,116.68,53.13,375.66
1105,108.9,87.05,161.29
2730,114.36,37.72,172.43
1225,92.19,94.63,292.81
2676,97.71,45.27,359.74
2807,131.49,48.05,142.46
2142,108.71,42.3,275.48
1545,59.43,38.1,357.88
1151,52.99,70.66,234.82
2932,101.13,60.74,202.96
2925,104.47,87.18,363.72
2062,131.62,53.6,380.29
2793,123.04,84.61,294.95
1266,72.54,71.04,364.73
2030,129.36,78.13,197.27
2917,112.91,62.94,273.41
2286,73.33,49.38,320.58
1614,101.59,30.52,215.81
2958,74.0,47.78,253.33
1331,122.17,69.99,399.94
2394,80.19,67.24,180.13
2365,99.67,97.55,163.28
2406,139.82,79.79,154.1
1370,148.74,41.16,170.48
1690,145.79,99.41,178.88
2843,127.05,54.18,228.8
2282,63.62,71.3,327.1
2356,96.79,38.72,260.91
1669,146.83,79.71,355.25
2545,85.3,95.12,101.07
1627,65.95,51.06,382.04
1968,69.13,86.67,151.16
1389,104.93,98.25,219.63
1628,52.17,52.04,351.04
1181,127.03,40.57,293.6
1235,89.26,97.54,135.02
1193,72.34,73.7,374.13
2835,79.16,41.39,355.37
1591,130.31,70.7,225.93
2086,53.72,60.03,209.65
1332,127.13,34.44,319.86
1559,126.23,92.52,270.25
1588,58.15,88.48,105.26
2685,133.1,44.42,111.93
1120,67.2,88.41,339.7
2810,63.64,85.18,222.62
1345,66.64,81.9,139.34
1525,50.28,46.76,367.9
1222,103.35,32.62,317.49
2628,86.9,87.26,212.16
1236,64.33,85.09,140.45
1105,136.87,43.62,115.08
2237,100.62,48.48,292.11
2542,84.87,47.08,287.75
1612,103.27,66.65,322.52
2584,130.92,80.93,294.34
2576,67.09,49.51,234.86
1922,136.57,42.69,134.57
2182,108.54,80.27,211.35
2413,111.55,95.64,282.54
1143,108.85,55.5,257.51
1959,72.13,63.83,187.64
2509,68.47,93.97,170.73
2061,97.74,84.08,191.45
2595,85.63,42.25,119.67
2649,74.08,44.36,305.91
1095,108.13,33.75,205.56
1352,135.62,48.92,191.13
1496,105.69,63.13,261.07
1208,140.65,51.29,285.15
1288,121.68,63.0,102.97
1062,140.04,73.12,309.11
1394,70.17,95.16,308.52
1396,108.73,94.64,232.3
2629,85.47,73.56,274.23
2856,124.37,55.63,251.17
2437,94.99,48.05,104.46
1346,91.22,72.49,134.79
1150,64.3,75.31,283.61
1403,85.46,48.76,184.28
1389,116.78,34.1,106.71
1804,100.88,54.75,366.84
1595,101.91,96.82,374.79
1127,114.82,45.72,273.21
2508,77.58,51.71,238.56
2797,72.07,50.5,142.14
2372,146.78,79.1,379.13
1460,63.78,81.45,307.84
2178,58.1,61.1,213.47
2777,120.37,93.9,176.71
2107,114.71,80.77,212.47
2932,87.1,92.16,377.91
2159,57.68,89.65,164.96
2204,77.95,84.08,167.46
1592,56.22,52.47,225.63
1413,148.91,39.58,213.16
2024,119.54,77.13,233.14
2751,93.19,79.02,280.96
1719,141.97,82.71,368.08
2866,106.54,86.74,381.62
2788,121.13,57.97,382.15
2667,100.68,56.12,101.66
1573,132.65,52.11,356.9
1323,148.24,60.32,274.57
2168,91.21,91.03,220.36
2904,64.73,30.13,292.49
2481,90.18,68.5,270.83
2620,129.77,45.66,161.46
1116,50.02,70.16,125.41
1741,145.46,36.04,157.67
2791,116.25,35.93,168.24
1824,81.06,43.3,277.01
2342,98.98,98.95,184.79
1952,76.41,75.21,257.87
1560,93.59,60.17,235.42
2169,113.82,51.11,261.85
2909,117.41,70.66,155.8
2977,82.28,61.72,356.61
2545,52.3,62.36,320.76
1492,87.72,56.94,123.15
2214,87.54,46.89,367.12
1079,91.2,35.91,203.66
1742,146.57,78.03,391.06
2230,147.01,42.41,329.69
1417,64.87,59.78,264.24
2924,141.34,71.11,347.68
1912,147.85,40.28,370.1
1228,75.66,71.82,165.0
2863,124.1,55.35,255.9
2342,67.55,47.89,247.62
2815,97.2,68.4,339.04
2883,110.72,99.23,387.17
1366,67.96,83.8,250.71
1007,104.72,49.97,268.14
1509,123.88,65.11,226.97
1790,116.74,58.42,249.45
2890,113.07,66.78,260.03
1158,62.04,78.41,327.44
2782,145.64,85.14,395.31
2616,64.09,96.9,347.71
2179,111.22,50.65,385.35
2583,62.95,52.7,143.98
1495,103.97,31.57,149.98
1626,136.74,50.98,219.06
1523,113.03,95.92,227.07
2870,140.86,88.34,387.97
1798,115.85,38.33,329.11
1090,95.54,97.52,385.54
1290,96.69,92.15,202.73
1566,71.16,90.07,277.14
2873,145.39,94.68,364.81
1675,81.09,67.38,199.58
2095,89.99,97.97,152.08
1877,52.98,31.83,178.78
2851,88.8,69.37,179.58
1624,61.67,56.12,369.9
1421,69.14,69.48,334.54
2092,128.95,92.89,264.73
1437,97.22,61.46,263.92
2037,133.77,45.92,148.51
1101,82.28,55.11,199.33
1787,88.32,61.2,162.43
2899,133.21,61.85,225.3
2288,56.76,53.65,270.75
1864,132.04,62.39,150.41
2745,70.54,54.26,345.64
2221,115.49,51.04,242.6
1380,103.29,90.29,163.44
1100,128.93,89.16,286.84
2409,126.65,49.88,109.85
1765,107.54,92.45,237.27
2181,108.07,59.66,119.2
1901,123.44,54.15,310.65
3000,111.06,45.01,260.87
1230,105.9,79.77,284.36
1504,99.77,32.04,125.03
2960,145.75,72.06,167.74
1662,72.12,31.96,225.35
2054,93.71,50.46,350.35
1255,91.88,98.11,257.27
1531,108.66,71.43,227.92
2796,118.38,50.51,200.75
1660,72.28,50.18,169.48
1874,106.19,38.78,114.1
1586,142.04,53.16,171.66
1123,73.43,61.52,185.96
2475,61.08,79.96,336.38
2238,77.92,69.67,340.14
1316,105.27,32.93,213.08
1741,95.25,54.22,107.54
2274,94.04,33.57,241.34
2629,115.42,95.71,369.57
1681,141.65,59.78,318.87
2576,68.59,71.92,123.0
1188,84.86,81.12,303.7
2233,88.52,30.25,277.22
1691,65.34,37.39,354.89
2320,139.05,67.53,241.58
1059,143.24,72.08,173.12
1490,149.92,80.7,357.22
2502,73.72,38.03,329.49
1541,57.18,55.01,297.46
1225,64.84,82.27,108.34
2630,132.09,46.74,222.61
2262,142.97,97.72,141.79
2701,85.59,98.21,238.5
1382,146.25,63.99,370.99
1216,129.7,39.12,153.78
2296,85.35,31.3,223.93
1867,135.1,38.28,199.52
2191,114.1,56.35,109.24
2693,94.65,53.67,148.76
1508,95.19,84.1,231.35
2089,146.21,69.88,339.18
2815,79.3,60.72,177.14
2224,116.97,39.88,285.18
2408,130.42,40.14,218.3
2111,88.54,83.28,272.32
2829,96.43,95.71,233.58
2391,114.23,47.98,323.96
1447,108.78,67.01,206.51
1410,123.32,87.39,387.07
1729,135.56,86.48,252.12
2369,104.17,75.0,153.14
2158,145.94,33.01,299.52
1216,78.11,41.06,216.7
2527,56.68,88.83,115.6
1463,88.44,86.84,195.84
2125,146.41,76.66,354.51
2321,126.39,70.41,245.01
2937,69.69,48.67,222.01
3000,147.97,76.43,373.74
2904,120.24,37.52,288.52
2067,129.92,96.76,204.94
2134,55.39,70.18,266.44
2477,122.27,35.14,227.13
1374,98.36,90.19,196.58
1915,129.49,69.58,281.66
1751,121.61,45.79,394.14
2814,67.64,33.19,215.36
2389,141.87,98.92,115.49
2931,107.77,64.66,207.84
1523,88.57,45.68,166.9
1929,72.77,70.32,202.12
2927,128.35,43.52,252.21
1119,147.07,48.4,121.94
1282,123.55,94.74,127.55
1560,110.99,51.29,268.66
2223,145.03,67.0,360.71
1239,121.16,50.5,239.62
1694,95.65,59.18,155.77
1608,82.17,71.34,378.33
1356,68.87,83.34,293.53
2874,137.37,30.57,289.76
1599,122.29,44.97,339.21
2429,147.81,86.22,254.77
2534,57.52,48.53,369.27
1514,81.47,37.87,190.73
2288,90.65,53.24,380.83
2290,146.25,77.59,163.73
1261,109.08,75.65,148.27
2318,118.01,89.43,184.96
1934,77.09,95.85,187.37
1612,75.75,77.11,241.77
1449,84.28,90.22,133.12
2653,58.4,48.39,368.02
1571,143.95,60.98,387.21
2700,90.52,52.25,138.57
1901,70.05,83.85,290.96
1261,84.38,82.36,290.17
1038,69.58,58.09,186.67
2699,75.58,76.65,369.74
1088,125.76,30.91,296.42
2969,73.8,93.46,176.17
2743,119.88,59.6,277.51
2364,109.34,93.44,188.81
1370,64.51,33.19,147.38
2289,126.37,35.85,204.27
2156,135.29,64.99,261.47
1945,145.6,45.55,294.6
2048,145.9,81.11,350.22
2630,120.64,77.8,301.62
2410,79.13,74.15,189.67
2875,53.79,88.87,199.66
2923,89.02,89.26,266.61
2613,123.31,48.95,352.99
2291,144.06,45.46,256.96
1397,61.35,77.42,328.25
1484,104.22,37.65,271.13
1081,97.48,44.16,293.43
2178,54.57,92.29,356.91
2990,115.07,74.97,231.7
2711,137.26,43.75,309.26
2634,96.19,77.93,350.18
2557,102.33,43.07,294.55
2940,67.78,74.64,118.7
2706,62.11,45.19,245.78
2914,111.38,79.96,278.65
1441,121.64,98.76,186.89
2169,78.75,64.4,282.43
1613,99.95,76.33,371.2
2268,145.81,99.95,281.31
1469,53.33,58.1,105.68
1183,73.58,86.8,255.03
2636,60.31,37.15,185.93
2220,132.2,30.82,261.08
1111,149.22,97.6,318.17
2250,65.97,72.54,136.19
1779,125.19,55.88,110.36
1097,78.74,61.96,398.96
1238,82.87,37.38,152.74
1403,142.98,31.99,360.15
2904,121.25,82.96,181.49
2035,131.21,67.51,272.35
1993,95.48,92.94,201.58
2561,82.73,72.81,156.9
2121,63.83,62.77,240.87
2375,112.54,71.75,336.82
1301,117.98,74.89,331.09
1774,143.04,53.62,316.69
1601,62.52,74.15,366.19
2880,123.71,53.75,173.25
1493,104.65,93.55,214.72
1550,95.73,45.59,158.27
1051,125.29,47.06,197.7
2040,110.73,81.81,167.91
2943,60.28,84.42,111.89
2754,91.92,66.03,378.52
1771,149.57,77.93,332.13
2882,126.76,53.46,192.36
1430,126.26,46.19,293.93
2658,142.22,74.97,100.76
2437,122.94,66.76,328.75
1770,134.8,92.42,259.12
1645,90.11,64.15,138.78
2401,90.01,37.62,216.03
2991,145.7,85.36,132.65
1783,125.75,55.92,262.75
1846,97.13,47.58,184.35
2443,98.96,67.82,305.27
1180,51.66,37.36,378.19
2383,72.97,33.71,112.58
2910,97.13,73.27,200.17
1263,79.38,32.69,240.6
1691,148.18,72.23,317.4
2382,61.55,48.14,154.53
1761,100.56,97.58,163.12
1947,50.99,66.05,144.79
2949,77.25,84.17,156.42
1695,72.44,60.82,182.37
1625,110.51,95.84,397.84
1395,138.72,31.44,112.44
1451,106.64,93.14,180.4
2741,114.41,37.06,226.41
2914,77.99,31.78,380.25
2335,80.89,88.6,181.65
2624,99.9,65.86,204.2
1507,106.86,30.31,252.89
2276,104.63,36.87,119.99
1504,76.0,39.37,127.03
2860,64.6,56.57,155.73
2141,86.84,94.9,178.56
1371,128.41,57.61,255.58
2494,109.61,74.36,260.55
2209,68.19,99.0,328.9
1349,73.32,52.22,235.12
1614,140.42,78.47,311.36
1907,89.62,90.94,312.27
2742,135.37,46.16,388.61
2618,147.75,37.55,199.01
2260,85.79,65.6,207.9
1003,51.29,95.85,308.72
1165,122.78,90.91,211.98
2415,98.54,45.2,348.57
2821,138.74,96.15,126.93
2102,66.92,58.08,308.3
2803,74.32,89.85,146.64
1969,97.16,37.48,265.17
1523,63.58,58.88,251.85
1784,86.03,68.03,303.36
2084,51.56,72.01,268.43
1635,130.18,92.6,262.66
1103,60.07,52.45,253.46
2727,109.59,39.29,333.6
1699,76.22,63.09,180.59
1129,53.0,36.3,148.28
2938,60.97,89.04,103.78
2717,119.92,66.98,139.56
2308,139.11,46.03,293.52
1448,55.47,39.15,316.32
1853,78.14,71.38,288.88
2752,89.84,82.62,120.59
2609,147.87,57.09,331.78
1904,94.27,84.64,254.87
2419,132.49,77.2,172.02
1476,78.11,33.48,275.97
1373,96.82,80.38,224.78
2971,132.59,70.23,309.21
1849,126.87,94.28,248.71
1439,73.86,36.55,110.79
2039,75.27,42.26,293.39
1131,104.85,76.5,313.42
2130,143.8,89.73,294.12
1472,61.99,44.59,374.4
1213,127.21,96.39,199.93
2308,123.76,92.12,168.41
2850,135.08,36.92,253.08
2749,138.92,96.17,342.05
2614,138.34,46.9,306.04
1879,140.09,73.85,227.43
1833,148.07,78.65,150.27
1844,83.24,53.13,150.72
2291,142.9,34.34,231.03
2305,144.76,77.43,369.21
2383,114.82,38.53,227.53
2803,116.46,32.16,380.45
1858,85.86,82.29,240.54
1749,124.53,37.76,111.01
2442,110.26,86.78,178.37
2921,128.63,99.24,103.58
2022,65.35,58.26,159.66
1656,131.46,75.22,238.23
2281,122.34,95.1,242.43
1528,104.59,94.18,397.21
1545,75.97,51.9,141.8
2057,59.77,31.9,276.04
2196,98.48,50.14,133.64
2510,64.46,43.01,205.83
1808,126.18,54.91,297.24
1328,142.46,49.89,270.95
1205,132.03,89.01,199.18
2130,83.05,66.71,301.35
1595,64.6,39.06,305.27
1754,50.79,57.0,164.67
2440,116.37,76.62,218.29
1919,68.76,91.81,221.44
1324,121.66,62.28,364.32
2439,107.54,94.27,295.14
1662,97.0,85.74,309.98
2088,126.75,35.31,152.25
2765,148.11,86.9,396.2
2311,62.86,36.41,192.77
1079,105.05,94.07,252.33
1083,81.32,80.25,132.81
1783,52.8,46.31,174.16
1819,52.93,41.83,150.25
2529,107.76,62.17,334.19
2420,58.29,75.48,378.01
1685,54.39,44.25,303.21
2034,67.29,97.0,337.98
2524,95.99,40.42,149.27
2641,100.08,90.2,232.0
1848,141.53,48.3,130.9
2094,91.97,33.19,377.28
1021,60.78,72.27,305.86
2758,73.09,60.48,130.3
2731,144.54,51.31,321.39
2360,109.52,52.42,191.03
2344,85.53,77.5,376.11
2153,139.27,63.01,119.09
2842,80.06,64.73,193.4
1864,138.11,33.65,355.76
1363,62.11,78.97,130.99
2019,143.82,66.06,182.15
1466,143.77,85.68,152.42
1338,84.53,68.02,367.76
1697,51.75,48.12,243.96
2430,85.3,38.83,356.81
2807,68.08,65.83,197.93
1911,76.61,96.8,300.71
2564,112.57,42.73,130.19
2351,94.31,71.91,229.11
2307,123.63,70.34,177.35
1216,113.7,49.36,181.52
1313,80.06,85.85,135.75
1826,82.39,78.79,216.49
1216,129.81,65.77,151.77
2996,103.22,73.65,304.96
1269,62.74,75.28,255.22
2938,108.67,97.19,237.5
1078,63.8,44.19,362.2
2998,136.87,68.46,155.59
2812,62.93,89.01,309.76
2607,116.94,38.36,155.55
2719,139.68,99.31,288.56
2324,59.81,83.17,111.72
1235,103.02,47.4,110.32
2269,145.81,98.23,224.21
2115,77.79,45.99,397.96
1044,78.11,90.41,144.25
2807,97.01,47.26,325.97
2623,144.77,87.3,272.16
2995,130.1,52.87,184.23
2613,77.12,99.73,330.45
1510,73.16,87.05,188.61
2437,69.86,47.83,150.62
2631,92.97,83.28,158.23
1110,130.79,70.16,156.51
2746,65.23,46.27,327.57
2668,111.71,38.11,258.54
1540,97.23,61.08,296.07
2729,114.63,41.68,368.3
1049,90.35,88.95,150.47
1945,125.98,52.54,226.71
1343,82.1,41.09,304.03
2593,122.22,80.5,204.94
2744,145.97,47.01,298.48
2065,107.92,77.96,207.92
2498,113.46,57.96,153.61
2776,102.48,57.24,260.21
2218,98.6,37.27,104.61
1943,66.85,30.09,215.52
1273,118.75,96.24,305.61
2044,110.62,30.59,179.32
1678,105.29,81.91,317.85
2344,80.64,77.78,247.92
2670,89.45,59.57,186.33
1236,93.32,67.86,229.41
1662,115.75,60.24,119.69
1079,122.59,77.89,244.45
1074,81.3,80.49,222.88
2186,111.47,49.71,238.34
2704,87.04,89.46,130.63
1678,98.52,66.39,108.28
2014,58.19,89.13,139.44
2685,107.87,95.24,193.09
2826,139.64,64.84,132.41
1373,145.34,83.34,330.2
2184,83.46,68.3,359.02
1426,67.01,59.48,274.8
2407,147.66,57.4,288.38
2324,129.67,70.84,388.01
1611,79.32,56.73,265.43
2833,50.45,85.66,360.61
1761,76.42,44.51,318.19
1871,145.49,48.99,266.27
2947,97.43,67.66,253.43
2787,79.43,51.02,108.95
1304,84.24,79.62,189.26
2407,72.92,67.33,171.16
2674,106.53,36.08,187.75
2348,71.72,82.99,299.81
2297,119.59,45.37,254.82
1771,97.28,96.06,221.35
2637,65.9,60.62,295.91
2630,148.84,81.76,153.81
1471,89.77,84.99,170.94
1285,88.94,72.61,244.38
1614,94.29,46.84,311.73
2659,71.76,40.06,132.75
2182,146.28,81.04,353.81
2227,92.45,47.4,327.2
1450,108.62,49.42,292.68
2501,83.92,75.14,232.88
2340,98.06,99.0,344.28
1647,140.41,66.8,214.13
1691,66.76,53.84,159.54
1244,129.34,32.4,159.29
1585,96.21,87.14,373.82
2495,75.69,77.27,278.04
2984,118.65,82.01,172.31
1401,74.43,39.01,169.65
2704,65.34,72.24,243.93
1243,83.02,39.27,267.99
1533,79.29,37.19,368.98
2630,123.04,81.75,176.7
2946,126.6,86.12,298.04
2167,60.58,68.34,317.84
1752,126.79,39.85,364.6
2809,75.66,82.45,362.59
1266,72.66,37.49,271.44
2681,120.58,70.87,197.94
1131,137.38,81.38,186.78
1999,110.72,79.95,306.41
2609,143.91,79.82,339.34
1797,116.54,32.63,223.39
2219,135.46,93.16,317.25
1455,102.06,63.76,128.5
1464,138.57,39.72,136.51
1226,61.51,64.88,224.83
2668,88.64,64.78,317.21
1445,78.94,79.68,374.47
2882,64.92,46.82,301.69
2124,64.94,48.68,153.84
1134,94.29,35.47,226.02
1032,94.24,37.95,181.97
2105,141.07,59.28,120.23
2655,144.11,67.63,347.74
1374,51.91,92.98,203.06
2781,75.91,79.35,255.3
1293,50.84,99.36,273.01
1631,138.14,71.55,376.22
2307,103.21,95.72,130.09
2075,66.11,89.85,391.73
2614,133.05,31.94,233.81
2979,57.17,85.73,255.86
2622,135.36,45.63,397.44
2631,51.62,96.38,152.73
1008,95.49,38.38,320.58
2336,85.4,44.38,304.92
1797,114.9,51.24,167.25
1668,105.02,30.22,389.88
2442,85.38,30.96,110.97
1186,148.61,74.68,298.18
2919,92.93,33.91,362.06
2918,98.47,37.09,220.11
2500,112.88,60.35,232.97
1111,59.92,83.13,119.72
2680,138.14,54.66,178.99
2992,106.6,92.05,314.98
2595,117.57,42.41,394.69
1247,142.26,45.71,203.51
2004,114.23,33.07,144.44
2031,57.17,86.44,127.87
1908,58.36,83.71,154.11
2312,106.82,94.95,133.31
2748,61.67,90.0,348.95
1747,54.29,30.43,215.03
1075,88.37,74.41,219.38
2245,147.81,44.94,353.1
2064,104.97,33.96,322.61
2024,138.48,98.59,258.08
1212,95.29,50.7,250.0
2133,143.07,60.68,308.98
1604,52.99,63.12,276.21
2229,121.95,98.08,156.55
2189,145.54,64.72,137.73
1431,96.96,80.83,221.75
1573,75.39,48.94,248.22
1103,115.15,69.18,124.66
2970,88.2,65.82,260.7
1580,83.85,36.36,390.31
1494,85.74,90.26,309.46
1972,91.17,40.75,142.77
2721,95.09,60.36,270.87
1887,66.67,93.65,341.33
2156,117.63,72.19,203.1
1617,134.02,56.96,228.68
1548,123.43,85.36,100.68
1336,91.96,34.63,360.86
1466,66.61,83.23,241.05
1165,121.18,90.52,176.06
1734,55.27,84.43,159.28
1373,100.19,50.05,228.16
2518,144.98,53.82,167.03
2315,85.15,88.6,369.03
2968,123.37,45.83,168.02
2664,143.47,67.65,220.73
2585,61.62,69.12,142.24
2209,110.92,86.86,135.66
1265,106.31,31.13,171.32
1050,99.36,99.99,100.89
1737,101.11,39.81,279.59
2200,89.88,54.92,166.68
1524,63.57,76.95,229.44
2734,71.01,31.36,342.59
2660,55.64,64.68,224.73
1499,133.11,30.93,329.53
2956,51.52,47.79,313.63
2123,72.72,94.37,358.49
1358,134.25,51.6,218.97
2060,141.6,95.98,322.82
2310,82.35,57.17,268.94
2650,118.28,69.74,256.26
2171,52.65,81.84,180.73
2446,143.87,88.35,252.55
1428,71.18,33.22,116.39
1035,65.01,55.03,134.64
1782,59.17,34.48,243.26
1029,116.89,98.09,189.6
2971,83.22,48.82,371.0
1060,102.69,59.23,386.15
2016,148.27,59.12,363.62
2361,62.51,54.29,112.39
1835,106.93,38.99,345.8
2821,79.14,46.83,238.06
1155,106.06,73.25,114.08
2155,136.97,85.59,135.4
2057,117.34,89.0,338.34
2781,144.1,46.79,245.19
1435,124.33,43.34,276.99
2910,101.03,62.33,106.1
2435,63.87,63.57,111.12
2252,60.38,55.5,228.49
1056,81.96,54.46,251.45
1277,85.57,81.22,147.67
1679,132.07,98.55,211.47
2770,100.36,30.9,101.08
2354,102.08,37.73,140.0
1541,149.72,46.8,107.5
1241,113.4,91.91,364.08
1925,108.31,91.24,118.41
1957,132.83,58.48,268.17
2594,65.21,58.05,275.56
2816,136.08,61.08,101.32
1114,76.57,32.65,283.68
2296,79.17,90.57,354.38
1448,117.72,79.38,273.13
2892,62.12,52.51,155.69
1635,67.94,31.68,265.19
1013,147.01,42.71,309.33
1769,112.68,52.59,305.23
2787,75.4,50.72,283.64
1258,139.97,92.04,214.77
2858,84.96,85.65,136.42
1147,65.47,43.5,121.42
1500,148.03,93.37,283.45
2786,61.58,68.37,208.76
2484,107.3,51.23,100.62
2694,125.01,39.11,144.83
2575,143.14,95.92,309.39
2493,61.0,34.61,327.44
2613,102.78,48.32,274.84
1945,63.25,88.72,281.51
2306,127.2,49.53,182.13
1371,70.43,63.66,246.57
2164,72.67,84.9,381.4
2265,149.84,71.37,215.44
1960,134.52,79.93,282.99
1257,115.05,51.85,209.59
2444,114.05,43.89,234.95
2802,109.81,72.24,334.86
2898,145.21,41.7,217.61
1288,135.87,67.73,231.25
2534,111.07,88.96,186.14
2308,63.66,72.06,346.68
1698,86.88,74.68,190.93
1706,146.16,49.32,319.28
1732,62.15,99.31,378.27
2089,59.92,50.59,330.6
2229,53.1,55.02,360.9
1339,112.25,57.01,142.52
1559,81.52,96.5,220.77
1593,140.27,72.75,107.69
1420,147.12,34.23,256.79
2223,76.47,56.51,399.62
2333,136.65,40.27,261.55
2734,86.47,39.71,358.5
1649,75.36,71.64,396.95
2551,109.69,54.64,199.43
1786,141.27,67.84,228.44
2181,63.51,73.45,264.03
1693,75.07,64.15,319.08
1956,53.7,45.08,252.93
1554,80.22,36.47,155.43
1466,121.22,51.03,250.68
1642,60.27,67.7,316.36
1797,79.92,49.55,325.93
1401,105.3,57.42,225.68
1035,129.11,93.4,282.46
1888,148.92,31.84,397.97
2299,92.62,35.79,201.57
2936,102.18,87.4,133.25
2559,137.29,43.03,142.33
2676,96.86,88.25,342.32
1355,71.39,73.74,291.58
1877,138.95,37.66,209.98
2720,122.94,53.4,115.87
2730,87.69,97.31,129.32
1788,98.76,42.36,273.86
2155,70.18,58.94,271.07
1081,54.54,51.51,267.69
1940,82.33,65.69,304.52
1038,113.41,60.41,356.08
2066,78.27,95.23,262.5
1970,148.53,87.83,240.89
1549,60.13,70.63,366.56
1362,114.5,53.37,336.72
1552,104.62,82.58,252.65
2903,50.32,71.27,123.54
2819,134.04,41.37,187.75
2668,90.75,51.84,357.65
2459,101.42,69.78,285.45
1406,122.54,79.0,115.65
1677,122.34,52.44,324.96
1803,129.73,93.72,240.48
1542,61.43,58.57,104.11
2799,146.54,40.44,296.29
1984,137.02,44.86,155.79
2624,138.51,43.92,126.69
1239,115.11,46.37,179.0
2935,78.94,56.86,169.04
1394,120.41,62.55,318.9
2171,127.32,67.96,354.4
1845,72.92,95.66,260.18
2848,135.53,69.9,201.87
2938,99.06,42.58,326.23
2479,73.28,61.87,328.61
1060,146.64,41.82,183.73
1024,142.26,93.78,111.05
1160,121.65,41.79,356.53
2388,104.04,72.74,125.83
2319,86.71,70.46,232.71
1884,138.23,73.62,229.26
2128,127.35,34.1,213.94
2406,126.72,50.25,211.69
1367,100.68,54.76,342.63
1116,54.1,94.62,116.68
1016,105.82,72.6,352.77
1948,134.79,86.55,362.19
1218,100.73,64.72,327.18
1208,124.19,57.81,290.64
1814,97.28,63.85,312.07
2248,105.97,85.1,301.34
1606,54.61,36.37,309.24
2876,81.04,96.76,269.69
2815,139.82,72.25,199.1
2679,80.88,43.04,392.29
1172,95.36,33.06,276.7
1595,106.97,38.97,184.0
2143,126.55,37.5,289.29
2591,74.81,58.19,319.39
2378,57.27,78.44,374.28
2435,135.97,47.51,343.47
1301,121.42,56.95,285.19
1994,127.14,69.49,364.31
2361,67.08,86.94,297.57
2751,97.24,72.54,142.87
2435,95.6,42.96,190.32
2613,100.34,47.09,144.34
1432,141.83,56.0,131.52
1862,149.17,64.09,280.32
2413,53.16,91.89,157.26
1377,68.43,47.27,377.88
1231,134.06,94.94,275.72
1737,58.76,84.14,176.18
1881,147.55,52.37,267.17
1994,120.44,97.68,312.44
2820,51.14,55.81,240.52
2268,119.8,77.56,371.55
2089,80.86,95.56,271.23
1068,100.15,85.24,269.09
1725,63.97,92.06,163.1
1456,110.35,41.32,126.21
2788,71.34,75.05,330.13
1370,78.28,35.59,257.89
1929,119.61,98.6,227.95
2398,69.88,78.88,334.48
2507,78.88,37.3,220.43
2584,58.69,85.51,276.32
2123,110.04,62.36,134.13
2605,73.99,35.57,395.98
2985,138.15,86.31,149.31
2635,109.14,32.47,150.72
1071,72.18,85.67,232.13
1513,50.73,70.2,177.58
1129,61.67,30.19,288.87
1199,73.05,61.17,103.89
2689,105.25,72.74,258.75
2124,69.3,44.36,344.49
1589,118.27,46.53,384.91
2644,58.88,34.53,321.97
2202,89.97,76.88,156.17
2435,73.66,43.62,300.66
1096,130.29,90.28,303.66
2579,62.8,83.1,247.43
2811,62.06,36.51,328.96
1354,128.15,69.04,332.0
2325,85.18,58.88,311.54
1100,128.72,84.51,177.16
1336,116.47,76.35,377.94
1112,58.82,35.47,113.83
2258,147.1,98.72,391.31
1889,143.05,47.98,259.54
1939,130.18,47.89,295.81
2475,133.84,51.34,349.51
1520,112.05,98.32,148.76
1211,142.01,86.26,368.96
1942,91.58,36.02,102.84
1576,139.34,59.26,378.93
1372,95.83,89.87,223.42
2940,128.18,54.45,398.63
2120,97.56,50.4,169.23
2506,119.72,74.76,299.79
1875,93.26,55.74,354.75
1389,88.12,41.31,106.71
1341,115.2,63.83,107.21
1280,128.18,86.82,109.94
2026,58.15,89.12,101.79
1509,76.41,73.1,164.06
2021,108.86,99.94,341.29
2479,79.39,98.93,166.12
2132,108.1,46.71,206.58
1203,149.34,83.96,113.97
1243,138.51,42.87,191.85
2820,107.77,58.8,123.94
1374,56.83,30.7,185.4
1863,132.29,44.1,272.58
1065,145.16,45.65,178.83
1464,62.78,99.14,287.62
1370,111.9,32.92,296.0
1210,64.82,96.21,273.23
2422,61.13,88.67,234.17
2557,86.69,31.57,178.68
2135,75.3,39.57,144.13
2903,123.6,74.03,238.28
1197,72.62,54.56,284.56
1801,134.63,53.9,134.41
2642,74.06,78.75,164.5
2154,115.94,99.63,153.73
1539,67.48,53.29,169.09
1744,108.19,94.61,134.98
1375,100.38,80.99,226.27
2171,107.14,89.29,196.21
2935,88.49,65.62,282.7
1839,143.03,67.33,371.14
1797,81.05,68.25,279.47
2443,140.81,69.56,154.3
1737,124.71,40.11,133.42
1304,86.64,44.49,296.36
1945,95.86,40.76,345.95
1848,137.28,43.37,196.64
1184,68.05,76.55,253.13
1319,65.43,44.46,335.97
2496,106.74,91.49,105.07
2466,148.17,38.36,308.98
1901,99.99,99.21,252.68
2843,111.52,30.1,317.92
2274,112.58,89.07,361.71
1573,119.0,30.14,248.37
2130,117.38,84.98,356.76
1467,137.53,80.94,103.81
2297,93.3,78.62,289.02
1045,144.7,54.56,396.07
1992,127.82,73.9,188.09
2598,77.42,71.96,316.95
2046,78.93,81.77,167.33
2249,89.86,79.7,391.92
2638,147.08,47.38,233.23
2673,52.34,79.67,303.07
1773,58.03,51.87,252.17
2356,93.49,56.99,124.23
2597,109.67,50.14,339.1
1170,144.01,81.74,172.74
1759,129.44,88.43,183.75
1400,53.82,47.41,109.13
2339,59.71,65.99,266.53
1273,65.44,79.39,261.28
2220,129.66,87.72,155.22
2340,83.08,80.91,317.19
2689,129.89,36.94,113.95
2166,50.47,77.89,335.29
1877,106.07,93.38,398.12
2853,112.94,60.94,148.03
1181,101.65,81.98,194.42
1081,132.15,97.33,187.72
2565,87.59,78.58,263.74
1198,110.79,50.28,130.02
1028,61.51,61.65,250.31
2738,126.65,62.81,369.18
2669,62.67,89.43,233.98
1484,125.68,97.78,302.66
1484,81.72,71.52,348.96
1340,51.46,35.38,300.1
2975,94.9,96.47,193.3
1498,121.56,99.58,198.04
1178,140.12,57.69,298.75
2622,126.25,87.81,150.33
1181,104.93,60.37,113.07
2802,85.69,78.68,107.5
2579,105.83,32.93,209.33
1955,138.5,92.35,327.66
2438,136.24,33.14,318.68
2851,50.97,45.4,233.89
2166,117.35,69.74,185.5
2456,65.31,91.79,115.28
1632,130.38,49.07,104.29
2405,134.5,36.25,103.64
2080,136.35,86.67,270.91
1449,79.06,55.15,370.23
2896,114.95,82.05,356.52
2927,59.65,43.47,152.96
1965,147.44,46.3,202.37
1143,90.94,54.78,171.48
1631,104.5,84.93,218.38
2001,100.39,95.68,208.21
1308,113.6,85.1,242.26
1288,57.82,30.54,394.58
2111,58.99,86.59,336.12
2998,57.77,74.55,375.04
1930,68.41,85.9,101.72
2565,90.27,70.06,255.56
1051,89.68,32.01,359.58
2497,81.14,86.22,314.54
1437,126.82,35.35,190.87
1772,134.45,54.38,306.68
2216,59.33,67.84,267.18
2915,62.87,50.01,312.92
1154,51.83,83.18,242.54
2492,63.6,98.19,387.41
1389,86.37,62.38,398.08
1378,111.0,96.69,394.57
1856,97.96,94.19,253.4
1273,147.24,87.28,348.37
2988,51.03,80.88,382.55
